ID;Kaynak;İcerik;Kategori
1;Madde 17;Belirsiz süreli iş sözleşmelerinin feshinden önce durumun diğer tarafa bildirilmesi gerekir. Bildirim şartına uymayan taraf, ihbar tazminatı öder.;Kıdem ve İhbar Tazminatı
2;Madde 24;"İşçinin haklı nedenle derhal fesih hakkı; sağlık sebepleri, ahlak ve iyiniyet kurallarına aykırılık hallerinde doğar.";Kıdem ve İhbar Tazminatı
3;Madde 25;"İşverenin haklı nedenle derhal fesih hakkı; işçinin hırsızlık, devamsızlık veya iş güvenliğini tehlikeye düşürmesi hallerinde doğar.";Kıdem ve İhbar Tazminatı
4;Madde 32;Ücret kural olarak Türk parası ile ödenir. Ücret alacaklarında zamanaşımı süresi beş yıldır.;Ücret, Fazla Mesai ve Yan Haklar
5;Madde 26;Derhal fesih hakkını kullanma süresi (6 iş günü).;Kıdem ve İhbar Tazminatı
6;Madde 18;"Otuz veya daha fazla işçi çalıştıran işyerlerinde en az altı aylık kıdemi
 olan işçinin belirsiz süreli iş sözleşmesini fesheden işveren, işçinin yeterliliğinden veya
 davranışlarından ya da işletmenin, işyerinin veya işin gereklerinden kaynaklanan geçerli bir
 sebebe dayanmak zorundadır. (Ek cümle: 10/9/2014-6552/2 md.) Yer altı işlerinde çalışan
 işçilerde kıdem şartı aranmaz.";İşe İade ve İş Güvencesi
7;Madde 21;şverence geçerli sebep gösterilmediği veya gösterilen sebebin geçerli olmadığı mahkemece veya özel hakem tarafından tespit edilerek feshin geçersizliğine karar verildiğinde, işveren, işçiyi bir ay içinde işe başlatmak zorundadır. İşçiyi başvurusu üzerine işveren bir ay içinde işe başlatmaz ise, işçiye en az dört aylık ve en çok sekiz aylık ücreti tutarında tazminat ödemekle yükümlü olur. Mahkeme veya özel hakem feshin geçersizliğine karar verdiğinde, işçinin işe başlatılmaması halinde ödenecek tazminat miktarını da belirler. Kararın kesinleşmesine kadar çalıştırılmadığı süre için işçiye en çok dört aya kadar doğmuş bulunan ücret ve diğer hakları ödenir.;İşe İade ve İş Güvencesi
8;Madde 34;Ücreti ödeme gününden itibaren yirmi gün içinde mücbir bir neden dışında ödenmeyen işçi, iş görme borcunu yerine getirmekten kaçınabilir. Bu nedenle kişisel kararlarına dayanarak iş görme borcunu yerine getirmemeleri sayısal olarak toplu bir nitelik kazansa dahi grev olarak nitelendirilemez. Gününde ödenmeyen ücretler için mevduata uygulanan en yüksek faiz oranı uygulanır. Bu işçilerin bu nedenle iş akitleri çalışmadıkları için feshedilemez ve yerine yeni işçi alınamaz, bu işler başkalarına yaptırılamaz.;Ücret, Fazla Mesai ve Yan Haklar
9;Madde 41;Ülkenin genel yararları yahut işin niteliği veya üretimin artırılması gibi nedenlerle fazla çalışma yapılabilir. Fazla çalışma, Kanunda yazılı koşullar çerçevesinde, haftalık kırkbeş saati aşan çalışmalardır. 63 üncü madde hükmüne göre denkleştirme esasının uygulandığı hallerde, işçinin haftalık ortalama çalışma süresi, normal haftalık iş süresini aşmamak koşulu ile, bazı haftalarda toplam kırkbeş saati aşsa dahi bu çalışmalar fazla çalışma sayılmaz. Her bir saat fazla çalışma için verilecek ücret normal çalışma ücretinin saat başına düşen miktarının yüzde elli yükseltilmesi suretiyle ödenir. Haftalık çalışma süresinin sözleşmelerle kırkbeş saatin altında belirlendiği durumlarda yukarıda belirtilen esaslar dahilinde uygulanan ortalama haftalık çalışma süresini aşan ve kırkbeş saate kadar yapılan çalışmalar fazla sürelerle çalışmalardır. Fazla sürelerle çalışmalarda, her bir saat fazla çalışma için verilecek ücret normal çalışma ücretinin saat başına düşen miktarının yüzde yirmibeş yükseltilmesiyle ödenir.;Ücret, Fazla Mesai ve Yan Haklar
10;Madde 46;Bu Kanun kapsamına giren işyerlerinde, işçilere tatil gününden önce 63 üncü maddeye göre belirlenen iş günlerinde çalışmış olmaları koşulu ile yedi günlük bir zaman dilimi içinde kesintisiz en az yirmidört saat dinlenme (hafta tatili) verilir. (Ek cümleler:10/7/2025-7553/9 md.) Ancak Kültür ve Turizm Bakanlığı tarafından turizm işletmesi belgesi verilen konaklama tesislerinde çalışan işçilerin bu fıkra kapsamında hak kazandığı hafta tatili, işçinin yazılı talebi veya onayı ile hak kazandığı günü takip eden dört gün içinde kullandırılabilir. Bu halde işçinin hak kazandığı hafta tatilinde yaptığı çalışmaların günlük normal çalışma süresi kadarlık kısmı fazla çalışmanın hesabında dikkate alınmaz. İşçi verdiği onayı otuz gün önceden işverene yazılı olarak bildirimde bulunmak kaydıyla geri alabilir.;Ücret, Fazla Mesai ve Yan Haklar
11;Madde 47;Bu Kanun kapsamına giren işyerlerinde çalışan işçilere, kanunlarda ulusal bayram ve genel tatil günü olarak kabul edilen günlerde çalışmazlarsa, bir iş karşılığı olmaksızın o günün ücretleri tam olarak, tatil yapmayarak çalışırlarsa ayrıca çalışılan her gün için bir günlük ücreti ödenir. Yüzde usulünün uygulandığı işyerlerinde işçilerin ulusal bayram ve genel tatil ücretleri işverence işçiye ödenir.;Ücret, Fazla Mesai ve Yan Haklar
12;Madde 53;İşyerinde işe başladığı günden itibaren, deneme süresi de içinde olmak üzere, en az bir yıl çalışmış olan işçilere yıllık ücretli izin verilir. Yıllık ücretli izin hakkından vazgeçilemez. Niteliklerinden ötürü bir yıldan az süren mevsimlik veya kampanya işlerinde çalışanlara bu Kanunun yıllık ücretli izinlere ilişkin hükümleri uygulanmaz;Yıllık İzin ve Dinlenme Süreleri
13;Madde 60;Yıllık ücretli izinlerin, yürütülen işlerin niteliğine göre yıl boyunca hangi dönemlerde kullanılacağı, izinlerin ne suretle ve kimler tarafından verileceği veya sıraya bağlı tutulacağı, yıllık izninin faydalı olması için işveren tarafından alınması gereken tedbirler ve izinlerin kullanılması konusuna ilişkin usuller ve işverence tutulması zorunlu kayıtların şekli Çalışma ve Sosyal Güvenlik Bakanlığı tarafından hazırlanacak bir yönetmelikle gösterilir.;Yıllık İzin ve Dinlenme Süreleri
14;Madde 68;"Günlük çalışma süresinin ortalama bir zamanında o yerin gelenekleri ve işin gereğine göre ayarlanmak suretiyle işçilere; a) Dört saat veya daha kısa süreli işlerde onbeş dakika, b) Dört saatten fazla ve yedibuçuk saate kadar (yedibuçuk saat dahil) süreli işlerde yarım saat, c) Yedibuçuk saatten fazla süreli işlerde bir saat, ara dinlenmesi verilir. Bu dinlenme süreleri en az olup aralıksız verilir. Ancak bu süreler, iklim, mevsim, o yerdeki gelenekler ve işin niteliği göz önünde tutularak sözleşmeler ile aralı olarak kullandırılabilir. Dinlenmeler bir işyerinde işçilere aynı veya değişik saatlerde kullandırılabilir. Ara dinlenmeleri çalışma süresinden sayılmaz.";Yıllık İzin ve Dinlenme Süreleri
15;Ek Madde 2;"İşçiye; evlenmesi veya evlat edinmesi ya da ana veya babasının, eşinin, kardeşinin, çocuğunun ölümü hâlinde üç gün, eşinin doğum yapması hâlinde ise beş gün ücretli izin verilir. İşçilerin en az yüzde yetmiş oranında engelli veya süreğen hastalığı olan çocuğunun tedavisinde, hastalık raporuna dayalı olarak ve çalışan ebeveynden sadece biri tarafından kullanılması kaydıyla, bir yıl içinde toptan veya bölümler hâlinde on güne kadar ücretli izin verilir";Yıllık İzin ve Dinlenme Süreleri
16;Madde 5;İş ilişkisinde dil, ırk, renk, cinsiyet, engellilik, siyasal düşünce, felsefî inanç, din ve mezhep ve benzeri sebeplere dayalı ayrım yapılamaz. İşveren, esaslı sebepler olmadıkça tam süreli çalışan işçi karşısında kısmî süreli çalışan işçiye, belirsiz süreli çalışan işçi karşısında belirli süreli çalışan işçiye farklı işlem yapamaz. İşveren, biyolojik veya işin niteliğine ilişkin sebepler zorunlu kılmadıkça, bir işçiye, iş sözleşmesinin yapılmasında, şartlarının oluşturulmasında, uygulanmasında ve sona ermesinde, cinsiyet veya gebelik nedeniyle doğrudan veya dolaylı farklı işlem yapamaz. Aynı veya eşit değerde bir iş için cinsiyet nedeniyle daha düşük ücret kararlaştırılamaz. İşçinin cinsiyeti nedeniyle özel koruyucu hükümlerin uygulanması, daha düşük bir ücretin uygulanmasını haklı kılmaz.;Mobbing ve Çalışma Koşulları
17;Madde 22;İşveren, iş sözleşmesiyle veya iş sözleşmesinin eki niteliğindeki personel yönetmeliği ve benzeri kaynaklar ya da işyeri uygulamasıyla oluşan çalışma koşullarında esaslı bir değişikliği ancak durumu işçiye yazılı olarak bildirmek suretiyle yapabilir. Bu şekle uygun olarak yapılmayan ve işçi tarafından altı işgünü içinde yazılı olarak kabul edilmeyen değişiklikler işçiyi bağlamaz. İşçi değişiklik önerisini bu süre içinde kabul etmezse, işveren değişikliğin geçerli bir nedene dayandığını veya fesih için başka bir geçerli nedenin bulunduğunu yazılı olarak açıklamak ve bildirim süresine uymak suretiyle iş sözleşmesini feshedebilir. İşçi bu durumda 17 ila 21 inci madde hükümlerine göre dava açabilir.;Mobbing ve Çalışma Koşulları
18;Madde 30;İşverenler, elli veya daha fazla işçi çalıştırdıkları özel sektör işyerlerinde yüzde üç engelli, kamu işyerlerinde ise yüzde dört engelli ve yüzde iki eski hükümlü işçiyi veya 21/6/1927 tarihli ve 1111 sayılı Askerlik Kanunu veya 16/6/1927 tarihli ve 1076 sayılı Yedek Subaylar ve Yedek Askeri Memurlar Kanunu kapsamına giren ve askerlik hizmetini yaparken 12/4/1991 tarihli ve 3713 sayılı Terörle Mücadele Kanununun 21 inci maddesinde sayılan terör olaylarının sebep ve tesiri sonucu malul sayılmayacak şekilde yaralananları meslek, beden ve ruhi durumlarına uygun işlerde çalıştırmakla yükümlüdürler. Aynı il sınırları içinde birden fazla işyeri bulunan işverenin bu kapsamda çalıştırmakla yükümlü olduğu işçi sayısı, toplam işçi sayısına göre hesaplanır.;İş Sağlığı ve Güvenliği
19;Madde 71;"On beş yaşını doldurmamış çocukların çalıştırılması yasaktır. Ancak, on dört yaşını doldurmuş ve zorunlu ilköğretim çağını tamamlamış olan çocuklar; bedensel, zihinsel, sosyal ve ahlaki gelişmelerine ve eğitime devam edenlerin okullarına devamına engel olmayacak hafif işlerde çalıştırılabilirler. On dört yaşını doldurmamış çocuklar ise bedensel, zihinsel, sosyal ve ahlaki gelişmelerine ve eğitime devam edenlerin okullarına devamına engel olmayacak sanat, kültür ve reklam faaliyetlerinde yazılı sözleşme yapmak ve her bir faaliyet için ayrı izin almak şartıyla çalıştırılabilirler. Çocuk ve genç işçilerin işe yerleştirilmelerinde ve çalıştırılabilecekleri işlerde güvenlik, sağlık, bedensel, zihinsel ve psikolojik gelişmeleri, kişisel yatkınlık ve yetenekleri dikkate alınır. Çocuğun gördüğü iş onun okula gitmesine, mesleki eğitiminin devamına engel olamaz, onun derslerini düzenli bir şekilde izlemesine zarar veremez.";İş Sağlığı ve Güvenliği
20;Madde 74;Kadın işçilerin doğumdan önce sekiz ve doğumdan sonra sekiz hafta olmak üzere toplam onaltı haftalık süre için çalıştırılmamaları esastır. Çoğul gebelik halinde doğumdan önce çalıştırılmayacak sekiz haftalık süreye iki hafta süre eklenir. Ancak, sağlık durumu uygun olduğu takdirde, doktorun onayı ile kadın işçi isterse doğumdan önceki üç haftaya kadar işyerinde çalışabilir. Bu durumda, kadın işçinin çalıştığı süreler doğum sonrası sürelere eklenir. (Ek cümle: 13/2/2011-6111/76 md.) Kadın işçinin erken doğum yapması halinde ise doğumdan önce kullanamadığı çalıştırılmayacak süreler, doğum sonrası sürelere eklenmek suretiyle kullandırılır. (Ek cümleler: 29/1/2016-6663/22 md.) Doğumda veya doğum sonrasında annenin ölümü hâlinde, doğum sonrası kullanılamayan süreler babaya kullandırılır. Üç yaşını doldurmamış çocuğu evlat edinen eşlerden birine veya evlat edinene çocuğun aileye fiilen teslim edildiği tarihten itibaren sekiz hafta analık hâli izni kullandırılır;İş Sağlığı ve Güvenliği
21;Madde 1;Bu Kanunun amacı işverenler ile bir iş sözleşmesine dayanarak çalıştırılan işçilerin çalışma şartları ve çalışma ortamına ilişkin hak ve sorumluluklarını düzenlemektir. Bu Kanun, 4 üncü Maddedeki istisnalar dışında kalan bütün işyerlerine, bu işyerlerinin işverenleri ile işveren vekillerine ve işçilerine faaliyet konularına bakılmaksızın uygulanır. İşyerleri, işverenler, işveren vekilleri ve işçiler, 3 üncü maddedeki bildirim gününe bakılmaksızın bu Kanun hükümleri ile bağlı olurlar.;Genel Bilgilendirme ve Diğer
22;Madde 3;Bu Kanunun kapsamına giren nitelikte bir işyerini kuran, her ne suretle olursa olsun devralan, çalışma konusunu kısmen veya tamamen değiştiren veya herhangi bir sebeple faaliyetine son veren ve işyerini kapatan işveren, işyerinin unvan ve adresini, çalıştırılan işçi sayısını, çalışma konusunu, işin başlama veya bitme gününü, kendi adını ve soyadını yahut unvanını, adresini, varsa işveren vekili veya vekillerinin adı, soyadı ve adreslerini bir ay içinde bölge müdürlüğüne bildirmek zorundadır.;Genel Bilgilendirme ve Diğer
23;Madde 4;"Aşağıda belirtilen işlerde ve iş ilişkilerinde bu Kanun hükümleri uygulanmaz; a) Deniz ve hava taşıma işlerinde, b) 50'den az işçi çalıştırılan (50 dahil) tarım ve orman işlerinin yapıldığı işyerlerinde veya işletmelerinde, c) Aile ekonomisi sınırları içinde kalan tarımla ilgili her çeşit yapı işleri, d) Bir ailenin üyeleri ve 3 üncü dereceye kadar (3 üncü derece dahil) hısımları arasında dışardan başka biri katılmayarak evlerde ve el sanatlarının yapıldığı işlerde, e) Ev hizmetlerinde, f) (…)4 çıraklar hakkında, g) Sporcular hakkında";Genel Bilgilendirme ve Diğer
24;Madde 8;İş sözleşmesi, bir tarafın (işçi) bağımlı olarak iş görmeyi, diğer tarafın (işveren) da ücret ödemeyi üstlenmesinden oluşan sözleşmedir. İş sözleşmesi, Kanunda aksi belirtilmedikçe, özel bir şekle tâbi değildir. Süresi bir yıl ve daha fazla olan iş sözleşmelerinin yazılı şekilde yapılması zorunludur. Bu belgeler damga vergisi ve her çeşit resim ve harçtan muaftır. Yazılı sözleşme yapılmayan hallerde işveren işçiye en geç iki ay içinde genel ve özel çalışma koşullarını, günlük ya da haftalık çalışma süresini, temel ücreti ve varsa ücret eklerini, ücret ödeme dönemini, süresi belirli ise sözleşmenin süresini, fesih halinde tarafların uymak zorunda oldukları hükümleri gösteren yazılı bir belge vermekle yükümlüdür. Süresi bir ayı geçmeyen belirli süreli iş sözleşmelerinde bu fıkra hükmü uygulanmaz. İş sözleşmesi iki aylık süre dolmadan sona ermiş ise, bu bilgilerin en geç sona erme tarihinde işçiye yazılı olarak verilmesi zorunludur.;Genel Bilgilendirme ve Diğer
25;Madde 15;Taraflarca iş sözleşmesine bir deneme kaydı konulduğunda, bunun süresi en çok iki ay olabilir. Ancak deneme süresi toplu iş sözleşmeleriyle dört aya kadar uzatılabilir. Deneme süresi içinde taraflar iş sözleşmesini bildirim süresine gerek olmaksızın ve tazminatsız feshedebilir. İşçinin çalıştığı günler için ücret ve diğer hakları saklıdır.;Genel Bilgilendirme ve Diğer
26;Madde 24/I;İşçinin sağlığı için işin yapılması tehlikeli olursa işçi sözleşmeyi haklı nedenle derhal feshedebilir.;Haklı Nedenle Fesih ve İstifa
27;Madde 24/II-b;İşverenin işçiye veya ailesine karşı şeref ve haysiyet kırıcı sözler söylemesi haklı fesih nedenidir.;Haklı Nedenle Fesih ve İstifa
28;Madde 24/II-e;İşçinin ücreti kanun veya sözleşme şartlarına uygun hesaplanmaz veya ödenmezse işçi haklı nedenle istifa edebilir.;Haklı Nedenle Fesih ve İstifa
29;Madde 24/II-f;İşyerinde başka bir işçi tarafından cinsel tacize uğrayan işçinin durumu bildirmesine rağmen önlem alınmazsa fesih hakkı doğar.;Haklı Nedenle Fesih ve İstifa
30;Madde 19;İşveren fesih bildirimini yazılı yapmak ve fesih sebebini açık ve kesin şekilde belirtmek zorundadır.;İşe İade ve İş Güvencesi
31;Madde 20;İş sözleşmesi feshedilen işçi, fesih bildiriminde sebep gösterilmediği iddiası ile 1 ay içinde arabulucuya başvurabilir.;İşe İade ve İş Güvencesi
32;Madde 21/1;Mahkemece feshin geçersizliğine karar verildiğinde, işçi 10 iş günü içinde işe başlamak için işverene başvurmalıdır.;İşe İade ve İş Güvencesi
33;Madde 7;İşçinin onayı alınmadan, holding bünyesindeki başka bir işyerinde geçici olarak görevlendirilmesi çalışma koşullarında değişiklik sayılır.;Mobbing ve Çalışma Koşulları
34;Madde 24/II-a;İşveren iş sözleşmesi yapıldığı sırada işin nitelikleri hakkında işçiyi yanıltırsa, işçi haklı nedenle fesih yapabilir.;Haklı Nedenle Fesih ve İstifa
35;Madde 24/III;İşçinin çalıştığı işyerinde bir haftadan fazla süre ile işin durmasını gerektirecek zorlayıcı sebepler ortaya çıkarsa fesih hakkı doğar.;Haklı Nedenle Fesih ve İstifa
36;Madde 34;"Ücreti ödeme gününden itibaren yirmi gün içinde mücbir bir neden dışında ödenmeyen işçi, iş görme borcunu yerine getirmekten kaçınabilir; bu durum fesih sayılmaz ama haklı bir bekleyiştir.";Haklı Nedenle Fesih ve İstifa
37;Madde 18/3-a;Sendika üyeliği veya çalışma saatleri dışında sendikal faaliyetlere katılmak fesih için geçerli bir sebep oluşturmaz.;İşe İade ve İş Güvencesi
38;Madde 18/3-d;İşveren aleyhine idari veya adli makamlara başvuruda bulunmak işçinin işten çıkarılması için geçerli bir sebep değildir.;İşe İade ve İş Güvencesi
39;Madde 21/5;İşçi işe iade davasını kazandıktan sonra işveren tarafından işe başlatılmazsa, peşin ödenen ihbar tazminatı ve kıdem tazminatı bu alacaklardan mahsup edilir.;İşe İade ve İş Güvencesi
40;Madde 5/3;İşveren, biyolojik veya işin niteliğine dayalı sebepler zorunlu kılmadıkça, iş sözleşmesinin feshinde cinsiyet veya gebelik nedeniyle doğrudan veya dolaylı farklı işlem yapamaz.;Mobbing ve Çalışma Koşulları
41;Madde 7/2;Geçici iş ilişkisi kurulan işveren, işçiye talimat verme yetkisine sahiptir ancak işçinin temel çalışma koşullarını korumakla yükümlüdür.;Mobbing ve Çalışma Koşulları
42;Madde 13/2;Kısmi süreli çalışan işçiye, tam süreli çalışan emsal işçiye göre çalışma süresiyle orantılı olmayan farklı bir işlem yapılması mobbing belirtisi sayılabilir.;Mobbing ve Çalışma Koşulları
43;csgb/SSS;Kıdem tazminatının ödenmesi için gereken koşullar nelerdir?;Kıdem ve İhbar Tazminatı
44;csgb/SSS;İşyerinin satılması durumunda işçi kıdem tazminatının ödenmesini isteyebilir mi?;Kıdem ve İhbar Tazminatı
45;csgb/SSS;Evlilik nedeniyle istifa eden kadın işçi kıdem tazminatı alabilir mi?;Kıdem ve İhbar Tazminatı
46;csgb/SSS;Kıdem tazminatı tutarı nasıl hesaplanır?;Kıdem ve İhbar Tazminatı
47;csgb/SSS;İhbar tazminatı nedir, hangi hallerde ödenmektedir?;Kıdem ve İhbar Tazminatı
48;csgb/SSS;İşçinin ihbar tazminatına hak kazanmasının esasları nelerdir?;Kıdem ve İhbar Tazminatı
49;csgb/SSS;İşten kendi isteğiyle ayrılan işçi ihbar tazminatı alabilir mi?;Kıdem ve İhbar Tazminatı
50;csgb/SSS;Ücreti artırılmayan işçi kıdem tazminatını alarak işten ayrılabilir mi?;Haklı Nedenle Fesih ve İstifa
51;csgb/SSS;İşe iade hakkından yararlanabilmek için gereken şartlar nelerdir?;İşe İade ve İş Güvencesi
52;csgb/SSS;İzin almadan işe devamsızlık yapan işçi ile ilgili yapılması gereken işlem nedir?;Haklı Nedenle Fesih ve İstifa
53;csgb/SSS;Uzun süreli rapor alan işçinin iş sözleşmesi bu nedenle feshedilebilir mi?;Haklı Nedenle Fesih ve İstifa
54;csgb/SSS;Fazla çalışma ücretine hangi hallerde hak kazanılmaktadır?;Ücret, Fazla Mesai ve Yan Haklar
55;csgb/SSS;Eşi doğum yapan işçiye kaç gün izin verilmesi gerekmektedir?;Yıllık İzin ve Dinlenme Süreleri
56;csgb/SSS;Çalışanlara hamilelik ve doğum hallerinde sağlanan haklar nelerdir?;Yıllık İzin ve Dinlenme Süreleri
57;csgb/SSS;Hamilelik veya doğum nedeni ile işten ayrılan işçi, kıdem tazminatına hak kazanır mı?;Kıdem ve İhbar Tazminatı
58;csgb/SSS;Çalışanların raporla belgelenmiş sağlık nedenlerine dayalı işe devamsızlıklarında işveren tarafından ücret ödenir mi?;Ücret, Fazla Mesai ve Yan Haklar
59;csgb/SSS;Doğum nedeniyle kullanılacak ücretli ve ücretsiz izin sürelerinin, yıllık ücretli izin hakkı elde edilmesi için geçmesi gereken süreye etkisi nedir?;Yıllık İzin ve Dinlenme Süreleri
60;csgb/SSS;Bir yıllık çalışma süresi dolmamış bir işçinin yıllık ücretli izin hakkı var mıdır?;Yıllık İzin ve Dinlenme Süreleri
61;csgb/SSS;İşçilere ücret kesme cezası verilmesinin koşulları nelerdir?;Ücret, Fazla Mesai ve Yan Haklar
62;csgb/SSS;Çalışanlara yol ve yemek parası verilmesi gerekli midir?;Ücret, Fazla Mesai ve Yan Haklar
63;csgb/SSS;Performans düşüklüğü nedeniyle iş sözleşmesi fesih edilebilir mi?;İşe İade ve İş Güvencesi
64;csgb/SSS;Özel sektörde çalışan bir işçinin kaç yıldan sonra istifa sonucu kıdem tazminatı hakkı vardır?;Kıdem ve İhbar Tazminatı
65;csgb/SSS;Tatil günlerinde çalışan bir işçinin, bu çalışma karşılığındaki ücreti nasıl hesaplanmaktadır?;Ücret, Fazla Mesai ve Yan Haklar
66;csgb/SSS;Ücretler hangi aralıklarla ve hangi oranlarda artırılmalıdır?;Ücret, Fazla Mesai ve Yan Haklar
67;csgb/SSS;Çalışanın kendisine önerilen yeni pozisyonu kabul etmemesi durumunda işverenin yaptırım hakkı doğar mı?;Mobbing ve Çalışma Koşulları
68;csgb/SSS;İşyerinde çırak olarak çalışan bir kişi işten ayrılması durumunda kıdem tazminatı alabilir mi?;Kıdem ve İhbar Tazminatı
69;csgb/SSS;İşveren işçinin iş sözleşmesini 4857 sayılı İş Kanunu’nun 25 inci maddesinin (II) numaralı bendinde yer alan haller (Ahlak ve iyi niyet kurallarına uymayan haller ve benzerleri) gerekçesiyle feshederse işçi kıdem tazminatına hak kazanır mı?;Haklı Nedenle Fesih ve İstifa
70;csgb/SSS;İşçi iş sözleşmesini 4857 sayılı İş Kanunu’nun 24 üncü maddesi uyarınca feshederse kıdem tazminatına hak kazanılır mı?;Kıdem ve İhbar Tazminatı
71;csgb/SSS;Malulen emekli olarak işten ayrılan işçi kıdem tazminatına hak kazanır mı?;Kıdem ve İhbar Tazminatı
72;csgb/SSS;Toptan ödeme almak amacıyla işten ayrılan işçi kıdem tazminatına hak kazanır mı?;Kıdem ve İhbar Tazminatı
73;csgb/SSS;5510 sayılı Kanunda öngörülen yaşlılık aylığı almak için yaş dışındaki sigortalılık süresini ve prim ödeme gün sayılarını tamamlayarak kendi isteğiyle işten ayrılan işçi kıdem tazminatına hak kazanır mı?;Kıdem ve İhbar Tazminatı
74;csgb/SSS;10 ay önce evlenen kadın işçi işten ayılmak zorundaysa, kıdem tazminatı alabilir mi?;Kıdem ve İhbar Tazminatı
75;csgb/SSS;1 yıl 2 ay önce evlenen kadın işçi, işten ayrılırsa kıdem tazminatı alabilir mi?;Kıdem ve İhbar Tazminatı
76;csgb/SSS;Çalışan vefat ettiği takdirde çalışana ait kıdem tazminatı tutarını mirasçıları talep edebilir mi?;Kıdem ve İhbar Tazminatı
77;csgb/SSS;İşyerinde 10 yıldan beri çalışan işçi, ne kadarlık ücret tutarında kıdem tazminatı alabilir?;Kıdem ve İhbar Tazminatı
78;csgb/SSS;Daha önce çalıştığı kamu kurumundan kıdem tazminatı alarak ayrılan işçi, daha sonra başka bir kamu kurumunda çalışmaya başlarsa, kıdem tazminatına esas süre ne kadar olur?;Kıdem ve İhbar Tazminatı
79;csgb/SSS;10.000 TL net ücret alan bir çalışanın, kıdem tazminatına esas ücreti ne kadardır?;Kıdem ve İhbar Tazminatı
80;csgb/SSS;Daha önceki hizmetinden dolayı kıdem tazminatı alan işçi, tekrar aynı işyerinde çalışmaya devam ederse, daha önceki süre için tekrar kıdem tazminatı alabilir mi?;Kıdem ve İhbar Tazminatı
81;csgb/SSS;Kıdem tazminatı zamanında ödenmezse faiz istenilebilir mi?;Kıdem ve İhbar Tazminatı
82;csgb/SSS;Kıdem tazminatında her yıl için ödenecek 30 günlük ücret artırılabilir mi?;Kıdem ve İhbar Tazminatı
83;csgb/SSS;Kıdem tazminatından kesinti yapılır mı?;Kıdem ve İhbar Tazminatı
84;csgb/SSS;Kıdem tazminatı hesaplanırken ücrete hangi ödemeler dahil edilir?;Kıdem ve İhbar Tazminatı
85;csgb/SSS;Kıdem tazminatı hesaplanırken ücrete hangi ödemeler dâhil edilmez?;Kıdem ve İhbar Tazminatı
86;csgb/SSS;İşçinin başka bir şubeye gönderilmesi mümkün müdür?;Mobbing ve Çalışma Koşulları
87;csgb/SSS;İşverenle işçi anlaşarak iş koşullarını değiştirebilir mi?;Mobbing ve Çalışma Koşulları
88;csgb/SSS;Çalışma koşullarında yapılan değişiklikler geçmişe etkili olarak yürürlüğe konulur mu?;Mobbing ve Çalışma Koşulları
89;csgb/SSS;İşçilere dolar ile ödeme yapılabilir mi?;Ücret, Fazla Mesai ve Yan Haklar
90;csgb/SSS;İşçiye ücret ödemesi emre muharrer senetle (bono ile), kuponla veya yurtta geçerli parayı temsil ettiği iddia olunan bir senetle veya diğer herhangi bir şekilde yapılabilir mi?;Ücret, Fazla Mesai ve Yan Haklar
91;csgb/SSS;İşverenin 2 ay boyunca ücret ödememesi yasal mıdır?;Ücret, Fazla Mesai ve Yan Haklar
92;csgb/SSS;Ücret alacaklarında zaman aşımı süresi var mıdır?;Ücret, Fazla Mesai ve Yan Haklar
93;csgb/SSS;8 işçi çalıştıran işveren ücretleri banka kanalıyla ödeme yükümlülüğüne tabii midir?;Ücret, Fazla Mesai ve Yan Haklar
94;csgb/SSS;İşçi ücretlerinin ne kadarlık tutarı bankaya yatırılmalıdır?;Ücret, Fazla Mesai ve Yan Haklar
95;csgb/SSS;11 işçi çalıştıran işveren, işçilere ücretlerini banka aracılığıyla ödemese ne olur?;Ücret, Fazla Mesai ve Yan Haklar
96;csgb/SSS;Ücreti ödenmeyen işçi iş görmekten kaçınabilir mi?;Mobbing ve Çalışma Koşulları
97;csgb/SSS;Ücreti zamanında ödenmediği için iş görmekten kaçınan işçinin iş sözleşmesi feshedilir mi?;Mobbing ve Çalışma Koşulları
98;csgb/SSS;Ücretin ne kadarı haczedilebilir veya başkasına devir temlik edilebilir?;Ücret, Fazla Mesai ve Yan Haklar
99;csgb/SSS;Ücret bordrosu düzenleyen işverenin ücret hesap pusulası da düzenleme yükümlülüğü var mıdır?;Ücret, Fazla Mesai ve Yan Haklar
100;csgb/SSS;İşverenin işçiden 3 gündelik kadar ücret kesinti yapması yasaya uygun mudur?;Ücret, Fazla Mesai ve Yan Haklar
101;csgb/SSS;İşçiden ücret kesme cezası yoluyla kesilen para ne yapılmalıdır?;Ücret, Fazla Mesai ve Yan Haklar
102;csgb/SSS;Genel çalışma süresinin 45 saat olarak belirlendiği bir işyerinde, haftada 44 saat çalışma yaptıran işveren fazla çalışma ücreti ödemeli midir?;Ücret, Fazla Mesai ve Yan Haklar
103;csgb/SSS;Haftada 3 saat fazla çalışma yaptırılan işçiye, ücreti nasıl ödenmelidir?;Ücret, Fazla Mesai ve Yan Haklar
104;csgb/SSS;Sözleşmede haftalık 40 saat çalışacağı belirtilen bir işçi, işveren tarafından haftada 44 saat çalıştırılıyor ise ücreti ne kadar zamlı ödenmelidir?;Ücret, Fazla Mesai ve Yan Haklar
105;csgb/SSS;Haftada 5 saat fazla çalışma yapan bir işçinin ücret yerine izin alması mümkün müdür?;Yıllık İzin ve Dinlenme Süreleri
106;csgb/SSS;İşçinin hak ettiği fazla çalışma ya da fazla sürelerle çalışma nedeniyle serbest zamanı ne kadar sürede kullandırılmalıdır?;Yıllık İzin ve Dinlenme Süreleri
107;csgb/SSS;İşveren fazla saatlerle çalışma için işçinin onayını almalı mıdır?;Mobbing ve Çalışma Koşulları
108;csgb/SSS;İşveren bir yılda toplam ne kadar fazla çalışma yaptırma hakkına sahiptir?;Mobbing ve Çalışma Koşulları
109;csgb/SSS;Bir işyerinde taşeron firma elemanı olarak çalışan bir işçinin taşeron firmadan alamadığı ücreti tahsil edebilmesinin yasal bir yolu var mıdır?;Ücret, Fazla Mesai ve Yan Haklar
110;csgb/SSS;Tüzel kişiliğe sahip bir ticari işletme kuran bir işçinin daha önce çalıştığı firmanın taşıma işlerini yapması mümkün müdür?;İş Sağlığı ve Güvenliği
111;csgb/SSS;Aynı işyerinde çalışmaya devam eden işçinin izin kullanma hakkı taşeron firmanın değişmesi durumunda nasıl etkilenmektedir?;Yıllık İzin ve Dinlenme Süreleri
112;csgb/SSS;Bir spor kulübünde profesyonel futbolcu olarak 2 yıl çalışan bir futbolcu ne kadar kıdem tazminatı alabilir?;Kıdem ve İhbar Tazminatı
113;csgb/SSS;Bir hava yolu şirketinde finans müdürü olarak çalışan işçi 4857 sayılı İş Kanununa tabi midir?;Genel Bilgilendirme ve Diğer
114;csgb/SSS;İşverenin kadınlara erkeklerden daha az ücret ödemesi kanuna uygun mudur?;Ücret, Fazla Mesai ve Yan Haklar
115;csgb/SSS;İşyeri devredilen işçinin devirden önceki alacaklarından yeni şirket mi eski şirket mi sorumludur?;Ücret, Fazla Mesai ve Yan Haklar
116;csgb/SSS;Geçici iş ilişkisi nedir?;Genel Bilgilendirme ve Diğer
117;csgb/SSS;İşçi özel istihdam bürosu aracılığıyla geçici iş ilişkisi kapsamında ne kadar süreyle görevlendirilebilir?;Genel Bilgilendirme ve Diğer
118;csgb/SSS;Geçici işçi çalıştıran işverenin yükümlülükleri nelerdir?;Genel Bilgilendirme ve Diğer
119;csgb/SSS;Geçici iş ilişkisinde işçinin yükümlülükleri nelerdir?;Genel Bilgilendirme ve Diğer
120;csgb/SSS;Geçici iş ilişkisi nasıl kurulur, hangi halde bu ilişki geçersiz sayılır?;Genel Bilgilendirme ve Diğer
121;csgb/SSS;Hangi işlerde geçici iş ilişkisi gerçekleşmez?;Genel Bilgilendirme ve Diğer
122;csgb/SSS;İş sözleşmesinin işçi tarafından derhal feshi ne demektir?;Haklı Nedenle Fesih ve İstifa
123;csgb/SSS;İşçinin iş sözleşmesini derhal feshetmesini gerektirecek sağlık sebepleri nelerdir?;Haklı Nedenle Fesih ve İstifa
124;csgb/SSS;İşçinin iş sözleşmesini derhal feshetmesini gerektirecek ahlak ve iyi niyet kurallarına uymayan haller ve benzerleri nelerdir?;Haklı Nedenle Fesih ve İstifa
125;csgb/SSS;İşçinin iş sözleşmesini derhal feshetmesini gerektirecek zorlayıcı sebepleri nelerdir?;Haklı Nedenle Fesih ve İstifa
126;csgb/SSS;İş sözleşmesinin işveren tarafından derhal feshi ne demektir?;Haklı Nedenle Fesih ve İstifa
127;csgb/SSS;İşverenin iş sözleşmesini derhal feshetmesini gerektirecek sağlık sebepleri nelerdir?;Haklı Nedenle Fesih ve İstifa
128;csgb/SSS;Grev ve lokavtın uygulanması sırasında geçici işçi çalıştıran işveren işçi çalıştırabilir mi?;Genel Bilgilendirme ve Diğer
129;csgb/SSS;50 ve daha fazla işçi çalıştırılan tarım işletmeleri ile 50’den daha az işçi çalıştırılan tarım işletmelerindeki tarım işçisi sayılmayan işçilerin iş hukuku bakımından durumu nedir?;Genel Bilgilendirme ve Diğer
130;csgb/SSS;Ulusal bayram ve genel tatil günlerinde çalışılması halinde işçinin ücreti nasıl ödenir? ödenir?;Ücret, Fazla Mesai ve Yan Haklar
131;csgb/SSS;Hafta içinde raporlu olunması halinde hafta tatili hakkı kaybedilir mi?;Yıllık İzin ve Dinlenme Süreleri
132;csgb/SSS;Çalışma süresi hesaplanırken ara dinlenmeleri hesaba katılmalı mıdır?;Yıllık İzin ve Dinlenme Süreleri
133;csgb/SSS;Ara dinlenmesi süresi ne kadar olmalıdır?;Yıllık İzin ve Dinlenme Süreleri
134;csgb/SSS;Ara dinlenmesi nedir?;Yıllık İzin ve Dinlenme Süreleri
135;csgb/SSS;Yıllık ücretli izin kullanılırken bir başka işte çalışılabilir mi?;Yıllık İzin ve Dinlenme Süreleri
136;csgb/SSS;Yıl içinde alınan mazeret izinlerini işveren yıllık izin hakkından düşebilir mi?;Yıllık İzin ve Dinlenme Süreleri
137;csgb/SSS;Hak kazanılması durumunda yıllık izin hakkı ne zaman kullanılabilir?;Yıllık İzin ve Dinlenme Süreleri
138;csgb/SSS;Mevsimlik bir işte çalışan işçinin yıllık izin hakkı var mıdır?;Yıllık İzin ve Dinlenme Süreleri
139;csgb/SSS;Yıllık ücretli izne ne zaman hak kazanılabilir?;Yıllık İzin ve Dinlenme Süreleri
140;csgb/SSS;Kadın işçi doğum sonrası ücretsiz izin alabilir mi?;Yıllık İzin ve Dinlenme Süreleri
141;csgb/SSS;Gebe ya da emziren kadın işçi gece postasında çalıştırılabilir mi?;İş Sağlığı ve Güvenliği
142;csgb/SSS;İşverenin gece vardiyasında işçiyi 12 saat çalıştırması yasal mıdır?;Yıllık İzin ve Dinlenme Süreleri
143;csgb/SSS;İşverenin bayram sonrası verdiği izin karşılığı telafi çalışması yaptırması mümkün müdür?;Genel Bilgilendirme ve Diğer
144;csgb/SSS;İşveren işçiyi işten çıkarmak istediğinde, işçiye önceden durumu bildirmeli midir?;Kıdem ve İhbar Tazminatı
145;csgb/SSS;Çalışılmış gibi sayılan 4 aylık sürenin sigorta primi ödenir mi?;Ücret, Fazla Mesai ve Yan Haklar
146;csgb/SSS;Mahkeme işe iade kararı verirse işçinin kaç gün içerisinde işverene başvurması gerekir?;İşe İade ve İş Güvencesi
147;csgb/SSS;İşçinin kendi isteği veya savsaması yüzünden işin güvenliğini tehlikeye düşürmesi, işyerinin malı olan veya malı olmayıp da eli altında bulunan makineleri, tesisatı veya başka eşya ve maddeleri otuz günlük ücretinin tutarıyla ödeyemeyecek derecede hasara ve kayba uğratması durumunda ilgili işveren tarafından derhal fesih nasıl yapılır?;Haklı Nedenle Fesih ve İstifa
148;csgb/SSS;4857 sayılı İş Kanununun 25’inci maddesinin (II) nolu bendinin (g) alt bendinde yer alan ay kavramı ile ne ifade edilmektedir?;Genel Bilgilendirme ve Diğer
149;csgb/SSS;Yıllık izin süresi nasıl hesaplanır?;Yıllık İzin ve Dinlenme Süreleri
150;https://forum.donanimhaber.com/is-hukuku-ve-isci-haklarina-dair-sorularinizi-cevapliyorum--113737648;yeni çıkacak kıdem tazminatı yasası hakkında içerik tam olarak nedir yada çıkacakmı yasa;Kıdem ve İhbar Tazminatı
151;https://forum.donanimhaber.com/is-hukuku-ve-isci-haklarina-dair-sorularinizi-cevapliyorum--113737648;Ustanın işini yapan işçi daha fazla ücret talep edebilme hakkına sahipmidir ?;Ücret, Fazla Mesai ve Yan Haklar
152;https://forum.donanimhaber.com/is-hukuku-ve-isci-haklarina-dair-sorularinizi-cevapliyorum--113737648;Alt işverenin yanında çalışan işçinin işverene karşı yada işverenin alt işverenin işçisine karşı yükümlülüğü varmıdır,bir kaza durumunda işveren o işçiden sorumlu tutulurmu ?;İş Sağlığı ve Güvenliği
153;https://forum.donanimhaber.com/is-hukuku-ve-isci-haklarina-dair-sorularinizi-cevapliyorum--113737648;Bir işyerinde aynı statüde çalışanların farklı maaş alması yasal mıdır? Bahsi geçen firma kurumsal bir firmadır. Bundan yaklaşık 10 yıl önce özelleştirildi. Devlet zamanından kalanlar yüksek maaş almakta. Özelleştikten sonra işe girenler ise yaklaşık %25-30 daha az maaş almakta. Her şeyiyle aynı statüdeyiz, yapılan iş aynı, çalışma saatleri her şeyiyle aynı fakat maaş farklı. Bunun yasal olup olmadığını merak ediyorum ben de.;Ücret, Fazla Mesai ve Yan Haklar
154;https://forum.donanimhaber.com/is-hukuku-ve-isci-haklarina-dair-sorularinizi-cevapliyorum--113737648;Merhabalar annem bir tekstil yerinde çalışıyor basım yapılan, patron maaşları taksit taksit ödüyor asgari ücret olmasına rağmen. Misal 1300 liranın 600ünü ayın 10'unda, geri kalanını ise ay sonu olmadan. Annem şikayet etmek için bir numarayı aradı(şu anda soramıyorum fakat bunlarla ilgilenen bir devlet numarasıydı) şikayetini bildirdi ve isimsiz kalmak istedi çünkü patronun duyup annemi işten atmasından endişelendi. Aradığı numara annemi birkaç gün sonra geri aradı ve denetleme yapabilmeleri için isimsiz kalamayacağını söylediler annem de şikayeti geri çekmek zorunda kaldı. Bu durumda ne yapılabilir ve bu saçmalığı neden yapıyorlar - Kaynak: forum.donanimhaber.com;Ücret, Fazla Mesai ve Yan Haklar
155;https://forum.donanimhaber.com/is-hukuku-ve-isci-haklarina-dair-sorularinizi-cevapliyorum--113737648;Hizmet sektöründe 23:00 - 07:00 saatleri arasında çalışmaktayım. Bu durumda iş yerinde 14:30 - 17:00 saatleri arasında yapılan şirket içi eğitime katılma zorunluluğumun olup olmadığını ve bununla ilgili varsa ilgili maddeyi öğrenmek istiyorum.;Yıllık İzin ve Dinlenme Süreleri
156;https://forum.donanimhaber.com/is-hukuku-ve-isci-haklarina-dair-sorularinizi-cevapliyorum--113737648;Merhabalar. Annem bir yemek şirketinde 1 yılı aşkın süre ile çalışıyor. Fakat yemek şirketi başka bir ilde ikametgahıza uzak fabrikada çalışmasını istiyor. Fabrikaya servis imkanı yok ayrıca çok uzak gitme şansı yok. Hukuki dayanağı var mı? Annemin istifa etmesi durumunda kıdem tazminatını alabilir mi ayrıca kullanmadığı yıllık iznini kullanabilir mi?;Mobbing ve Çalışma Koşulları
157;https://forum.donanimhaber.com/is-hukuku-ve-isci-haklarina-dair-sorularinizi-cevapliyorum--113737648;7 yıllık çalışanım ve sorumlu olarak gözüküyorum(elemanın bir üst kademesi). Sorunluluğum nedeniyle asgari ücretten bi miktar fazla alıyordum. Asgarî ücrete yapılan yeni zamla beraber bu fark ortadan kalkmıştır ve asgari ücret almaktayım. Bu farkın kalkması hukukî olarak kabul edilmekte midir?;Ücret, Fazla Mesai ve Yan Haklar
158;https://forum.donanimhaber.com/is-hukuku-ve-isci-haklarina-dair-sorularinizi-cevapliyorum--113737648;Aylık yemek ücretini ticket kart olarak almaktayım ve günlük 30tl harcama sınırı vardır. Bu harcama sınırı yasal mıdır?;Ücret, Fazla Mesai ve Yan Haklar
159;https://forum.donanimhaber.com/is-hukuku-ve-isci-haklarina-dair-sorularinizi-cevapliyorum--113737648;"Şubatın 12 sinde işten çıkarıldım.Tüm çıkış haklarım kağıt üzerinde verildi. İşyeri tazminatımı taksitle vermek istedi.Çalışma bakanlığını aradım.Bana taksit olayının tamamen benim tercihime kaldığını kabul etmezsem 20 gün süresi olduğunu; 20 gün sonunda ödemezse tekrar onları aramamı söyledi.(Takside böldürürsen kesinlikle ıslak imzalı anlaşma kağıdı almamı söyledi) İşverenime tazminatı tek seferde almak istediğimi söyledim.(tazminatım 8000tl) Bana tek seferde veremeyeceğini kabul etmezsen git mahkemeye dedi.Ödemem gereken borçlarımdan dolayı (mahkeme süresi vs. beni çok kötü şekilde etkiler) Tazminatımı 3 taksit olucak şekilde nisan mayıs haziranın 1-10 arası ödeme olucak şekilde istemeyerekte olsa anlaştım.Bugün benden önce çıkısı verilen gruptan bazı arkadaşlar aradım.onların yaptığı anlaşmada ayın 18 inde taksitleri yatıcaktı.Ama yatmamış.Arkadaşlar pazartesi günü görüşme yapıcak.Anlaşamazlarsa mahkemeye vericekler.
 Benim her ay ödemem gereken borçlarım var.Nisanda paramı alamazsam çok kötü bir duruma düşücem.(mart ayını borç harç çevircem)
 Daha önceki çıkarılan işçilerin tazminatları yatmadığı için anlaşmaya itiraz edip şu an mahkemeye verebilirmiyim ?";Kıdem ve İhbar Tazminatı
160;https://forum.donanimhaber.com/is-hukuku-ve-isci-haklarina-dair-sorularinizi-cevapliyorum--113737648;Çalıştığımız yerden her hangi bir sebep dahilinde işverene haber vermeden hemen ertesi gün ayrılırsak bu konuda bir ceza vs ödermiyiz? Çalışılan yerden belirli bir süre ihbarı olmaksınız kovulduğumuzda işverenin çalışılan yıla göre size ihbar tazminatı ödemesi söz konusu. Benim sorduğum soru bu durumun tam tersi de geçerli midir?;Kıdem ve İhbar Tazminatı
161;https://forum.donanimhaber.com/is-hukuku-ve-isci-haklarina-dair-sorularinizi-cevapliyorum--113737648;"Ben bir firmada 11 yıldır çalışıyorum
 başka bir iş buldum , istifa ettiğim zaman hiç hak talep edemiyorum dimi ?";Haklı Nedenle Fesih ve İstifa
162;https://forum.donanimhaber.com/is-hukuku-ve-isci-haklarina-dair-sorularinizi-cevapliyorum--113737648;hocam bir kamu kuruluşunda taşeron olarak çalışıyorum. eşim doğum yaptı 5 gün babalık iznine ayrıldım. maaşım bu ay az yatmış. babalık izninde olduğum süre kesilmiş sanırım. kesilen parayı sgk ödüyormuş sanırım öyle bir şey duydumda. bilginiz varsa paylaşırsanız sevinirim.;Yıllık İzin ve Dinlenme Süreleri
163;https://forum.donanimhaber.com/is-hukuku-ve-isci-haklarina-dair-sorularinizi-cevapliyorum--113737648;özel bir firmada beyaz yaka statüsünde çalışmaktayım. şimdiye kadar net maaş üzerinden çalışmaktaydık ancak şirket beyaz yakayı brüt maaşa geçirmek için çalışmalar yapmakta. böyle bir durumda işverenin iyi niyet kurallarına aykırı hareketinden dolayı tazminat talep edebilir miyim?;Mobbing ve Çalışma Koşulları
164;https://forum.donanimhaber.com/is-hukuku-ve-isci-haklarina-dair-sorularinizi-cevapliyorum--113737648;Taşeron bir firmada çalışıyorum ve sosyal hakları 1 yıl dolduğunda almaya başlıyorsun.Benim yaklaşık 6 ay oldu ve ekimde 1 sene olacak.Tabi bayram falan geçmiş olacak onların parasını alamayacağım.Bana bir arkadaşımın dediği eğer yılın dolarsa sosyal haklarını yıl sonunda almadığın bayram parası vs vs onlarıda ödemeleri zorunlu dedi acaba bu konuda beni bilgilendirir misiniz ?;Ücret, Fazla Mesai ve Yan Haklar
165;https://forum.donanimhaber.com/is-hukuku-ve-isci-haklarina-dair-sorularinizi-cevapliyorum--113737648;"Bir işveren verdiği maaşın belli bir miktarını normal maaş, diğer bir kısmını da prim adı altında gösteriyor. Bu yasal mı?
 Yani
 2000₺ toplam paranın 1300 ü normal ama kalan 700 ü ise prim ismiyle veriliyor.";Ücret, Fazla Mesai ve Yan Haklar
166;https://forum.donanimhaber.com/is-hukuku-ve-isci-haklarina-dair-sorularinizi-cevapliyorum--113737648;"İstanbulda özel bir üniversitede 4 yıldır okutman olarak çalışıyorum. İzin haklarımla ilgili bir sorum (hatta sorunum) var. Senelik sözleşme yapıyoruz.
 
 2013 yılındaki sözleşmemde “Akademik Personelin yılda 30 gün izin kullanma hakkı vardır.” diyor. ve bu yıl mahsuben izne çıkarıldık, hakedişimiz 2014'müş.
 2014 yılındaki sözleşmem: ""Personel resmi olarak işe başladığı tarihten itibaren birinci yılını doldurduğunda yıllık 30 gün yıllık izin hakkına sahiptir. Bir yıllık hizmet süresini doldurmadan izin hak edilemez.
 2015 yılındaki sözleşmem: ""Personelin sözleşme süresince ücretli izin hakkı 30 gündür.""
 
 ve son olarak 2016 yılında imzaladığımız sözleşmede artık izin hakkımızın 20 gün olduğuna dair bir kanun maddesi yazıyordu. (şu anki sözleşme elimde olmadığı için tam metni yazamıyorum)
 
 
 geride kalan 3 yılda 30 ar günden 90 gün izin hakkım olduğunu ve yeni sözleşmedeki 20 günlük ibarenin 2016-2017 yılı için geçerli olduğunu savunuyorum. Fakat insan kaynaklarından 01.09.2016 tarihinde imzalamış olduğum sözleşmede belirttiği üzere 20 gün iznim olduğu ve 30+30+20 şeklinde 80 günlük izin hakkım olduğu söyleniyor. Bu sene için imzalamış olduğum sözleşmenin geçmişteki 3 sözleşmede açıkça 30ar gün izin hak edişimi azaltması gibi bir şey mümkün müdür?";Yıllık İzin ve Dinlenme Süreleri
167;https://forum.donanimhaber.com/is-hukuku-ve-isci-haklarina-dair-sorularinizi-cevapliyorum--113737648;Merhabalar benim bir arkadaşım yüzde 40 engelli bir işe girdi 3 gün calisti sonra çıktı bir sürü tiri kendi başına bosaltiyomus bi de soğukta çıktı bu arkadaş ama 2 günlük parasını alamadi 1 gunlunu aldı adama dedi adam da ben vermem demiş ne verecek zaten 1 gun çalıştın demiş vermem diye ısrar etmiş şimdi bunu zorla çağırıyorlar ise gitmiyo görmezden parani vermeyiz diyolar biz şimdi napalim nereye gidelim nereye basvuralim yardım edin lutfen;Ücret, Fazla Mesai ve Yan Haklar
168;https://forum.donanimhaber.com/is-hukuku-ve-isci-haklarina-dair-sorularinizi-cevapliyorum--113737648;hocam ben yazın bir otelde çalıştım maaş vermedikleri için ayrıldım.Benlw birlikte başka kişilerde çıktı işten ancak aylar olmasına rağmen hala 1500 lira paramı alamadım başkaları da alamadı.Ne yapmalıyım?;Ücret, Fazla Mesai ve Yan Haklar
169;https://forum.donanimhaber.com/is-hukuku-ve-isci-haklarina-dair-sorularinizi-cevapliyorum--113737648;Sözleşmeli özel sektör çalışanı biriyim. Yıl bitimi itibariyle bulunduğum proje el değiştirdi ve haklarımız yeni sahiplerine devredildi. Devir kağıdını imzaladık ama memnun değilim. Tazminat hakkımı alma şansım var mı acaba?;Kıdem ve İhbar Tazminatı
;;;
;;;
;;;
;;;
;;;
;;;
;;;
;;;
;;;
;;;
;;;
;;;
;;;
;;;
;;;
;;;
;;;
;;;
;;;
;;;
;;;
;;;
;;;
;;;
;;;
;;;
;;;
;;;
;;;
;;;
;;;
;;;
;;;
;;;
;;;
;;;
;;;
;;;
;;;
;;;
;;;
;;;
;;;
;;;
;;;
;;;
;;;
;;;
;;;
;;;
;;;
;;;
;;;
;;;
;;;
;;;
;;;
;;;
;;;
;;;
;;;
;;;
;;;
;;;
;;;
;;;
;;;
;;;
;;;
;;;
;;;
;;;
;;;
;;;
;;;
;;;
;;;
;;;
;;;
;;;
;;;
;;;
;;;
;;;
;;;
;;;
;;;
;;;
;;;
;;;
;;;
;;;
;;;
;;;
;;;
;;;
;;;
;;;
;;;
;;;
;;;
;;;
;;;
;;;
;;;
;;;
;;;
;;;
;;;
;;;
;;;
;;;
;;;
;;;
;;;
;;;
;;;
;;;
;;;
;;;
;;;
;;;
;;;
;;;
;;;
;;;
;;;
;;;
;;;
;;;
;;;
;;;
;;;
;;;
;;;
;;;
;;;
;;;
;;;
;;;
;;;
;;;
;;;
;;;
;;;
;;;
;;;
;;;
;;;
;;;
;;;
;;;
;;;
;;;
;;;
;;;
;;;
;;;
;;;
;;;
;;;
;;;
;;;
;;;
;;;
;;;
;;;
;;;
;;;
;;;
;;;
;;;
;;;
;;;
;;;
;;;
;;;
;;;
;;;
;;;
;;;
;;;
;;;
;;;
;;;
;;;
;;;
;;;
;;;
;;;
;;;
;;;
;;;
;;;
;;;
;;;
;;;
;;;
;;;
;;;
;;;
;;;
;;;
;;;
;;;
;;;
;;;
;;;
;;;
;;;
;;;
;;;
;;;
;;;
;;;
;;;
;;;
;;;
;;;
;;;
;;;
;;;
;;;
;;;
;;;
;;;
;;;
;;;
;;;
;;;
;;;
;;;
;;;
;;;
;;;
;;;
;;;
;;;
;;;
;;;
;;;
;;;
;;;
;;;
;;;
;;;
;;;
;;;
;;;
;;;
;;;
;;;
;;;
;;;
;;;
;;;
;;;
;;;
;;;
;;;
;;;
;;;
;;;
;;;
;;;
;;;
;;;
;;;
;;;
;;;
;;;
;;;
;;;
;;;
;;;
;;;
;;;
;;;
;;;
;;;
;;;
;;;
;;;
;;;
;;;
;;;
;;;
;;;
;;;
;;;
;;;
;;;
;;;
;;;
;;;
;;;
;;;
;;;
;;;
;;;
;;;
;;;
;;;
;;;
;;;
;;;
;;;
;;;
;;;
;;;
;;;
;;;
;;;
;;;
;;;
;;;
;;;
;;;
;;;
;;;
;;;
;;;
;;;
;;;
;;;
;;;
;;;
;;;
;;;
;;;
;;;
;;;
;;;
;;;
;;;
;;;
;;;
;;;
;;;
;;;
;;;
;;;
;;;
;;;
;;;
;;;
;;;
;;;
;;;
;;;
;;;
;;;
;;;
;;;
;;;
;;;
;;;
;;;
;;;
;;;
;;;
;;;
;;;
;;;
;;;
;;;
;;;
;;;
;;;
;;;
;;;
;;;
;;;
;;;
;;;
;;;
;;;
;;;
;;;
;;;
;;;
;;;
;;;
;;;
;;;
;;;
;;;
;;;
;;;
;;;
;;;
;;;
;;;
;;;
;;;
;;;
;;;
;;;
;;;
;;;
;;;
;;;
;;;
;;;
;;;
;;;
;;;
;;;
;;;
;;;
;;;
;;;
;;;
;;;
;;;
;;;
;;;
;;;
;;;
;;;
;;;
;;;
;;;
;;;
;;;
;;;
;;;
;;;
;;;
;;;
;;;
;;;
;;;
;;;
;;;
;;;
;;;
;;;
;;;
;;;
;;;
;;;
;;;
;;;
;;;
;;;
;;;
;;;
;;;
;;;
;;;
;;;
;;;
;;;
;;;
;;;
;;;
;;;
;;;
;;;
;;;
;;;
;;;
;;;
;;;
;;;
;;;
;;;
;;;
;;;
;;;
;;;
;;;
;;;
;;;
;;;
;;;
;;;
;;;
;;;
;;;
;;;
;;;
;;;
;;;
;;;
;;;
;;;
;;;
;;;
;;;
;;;
;;;
;;;
;;;
;;;
;;;
;;;
;;;
;;;
;;;
;;;
;;;
;;;
;;;
;;;
;;;
;;;
;;;
;;;
;;;
;;;
;;;
;;;
;;;
;;;
;;;
;;;
;;;
;;;
;;;
;;;
;;;
;;;
;;;
;;;
;;;
;;;
;;;
;;;
;;;
;;;
;;;
;;;
;;;
;;;
;;;
;;;
;;;
;;;
;;;
;;;
;;;
;;;
;;;
;;;
;;;
;;;
;;;
;;;
;;;
;;;
;;;
;;;
;;;
;;;
;;;
;;;
;;;
;;;
;;;
;;;
;;;
;;;
;;;
;;;
;;;
;;;
;;;
;;;
;;;
;;;
;;;
;;;
;;;
;;;
;;;
;;;
;;;
;;;
;;;
;;;
;;;
;;;
;;;
;;;
;;;
;;;
;;;
;;;
;;;
;;;
;;;
;;;
;;;
;;;
;;;
;;;
;;;
;;;
;;;
;;;
;;;
;;;
;;;
;;;
;;;
;;;
;;;
;;;
;;;
;;;
;;;
;;;
;;;
;;;
;;;
;;;
;;;
;;;
;;;
;;;
;;;
;;;
;;;
;;;
;;;
;;;
;;;
;;;
;;;
;;;
;;;
;;;
;;;
;;;
;;;
;;;
;;;
;;;
;;;
;;;
;;;
;;;
;;;
;;;
;;;
;;;
;;;
;;;
;;;
;;;
;;;
;;;
;;;
;;;
;;;
;;;
;;;
;;;
;;;
;;;
;;;
;;;
;;;
;;;
;;;
;;;
;;;
;;;
;;;
;;;
;;;
;;;
;;;
;;;
;;;
;;;
;;;
;;;
;;;
;;;
;;;
;;;
;;;
;;;
;;;
;;;
;;;
;;;
;;;
;;;
;;;
;;;
;;;
;;;
;;;
;;;
;;;
;;;
;;;
;;;
;;;
;;;
;;;
;;;
;;;
;;;
;;;
;;;
;;;
;;;
;;;
;;;
;;;
;;;
;;;
;;;
;;;
;;;
;;;
;;;
;;;
;;;
;;;
;;;
;;;
;;;
;;;
;;;
;;;
;;;
;;;
;;;
;;;
;;;
;;;
;;;
;;;
;;;
;;;
;;;
;;;
;;;
;;;
;;;
;;;
;;;
;;;
;;;
;;;
;;;
;;;
;;;
;;;
;;;
;;;
;;;
;;;
;;;
;;;
;;;
;;;
;;;
;;;
;;;
;;;
;;;
;;;
;;;
;;;
;;;
;;;
;;;
;;;
;;;
;;;
;;;
;;;
;;;
;;;
;;;
;;;
;;;
;;;
;;;
;;;
;;;
;;;
;;;
;;;
;;;
;;;
;;;
;;;
;;;
;;;
;;;
;;;
;;;
;;;
;;;
;;;
;;;
;;;
;;;
;;;
;;;
;;;
;;;
;;;
;;;
;;;
;;;
;;;
;;;
;;;
;;;
;;;
;;;
;;;
;;;
;;;
;;;
;;;
;;;
;;;
;;;
;;;
;;;
